sentiment_band,n,retention_rate
Very Negative,172,0.5523255813953488
Slightly Negative,936,0.6452991452991453
Slightly Positive,1409,0.7842441447835344
Positive,2483,0.896093435360451
